{"cameraMode":{"drawMode":0,"name":"Shaded","section":"Shading Mode"},"sceneLighting":true,"audioPlay":false,"sceneViewState":{"m_AlwaysRefresh":false,"showFog":true,"showSkybox":true,"showFlares":true,"showImageEffects":true,"showParticleSystems":true,"showVisualEffectGraphs":true,"m_FxEnabled":true},"in2DMode":false,"pivot":{"x":-5.339620590209961,"y":1.9896265268325806,"z":24.45564842224121},"rotation":{"x":0.02472911775112152,"y":0.18987713754177094,"z":0.0047815400175750259,"w":-0.9814904928207398},"size":8.532423973083496,"orthographic":false}